{
    "train": {
        "loss": [
            0.2060061918210238
        ],
        "accuracy": [
            93.73333333333333
        ]
    },
    "val": {
        "loss": [
            0.06318991143087568
        ],
        "accuracy": [
            98.04
        ]
    }
}