epoch,train_loss,train_accuracy,val_loss,val_accuracy
1,0.214887722102801,93.43833333333333,0.07848233469358731,97.53
