{
    "train": {
        "loss": [
            0.41914443659285705
        ],
        "accuracy": [
            86.83333333333333
        ]
    },
    "val": {
        "loss": [
            0.08030802166958254
        ],
        "accuracy": [
            97.48
        ]
    }
}