{
    "train": {
        "loss": [
            0.214887722102801
        ],
        "accuracy": [
            93.43833333333333
        ]
    },
    "val": {
        "loss": [
            0.07848233469358731
        ],
        "accuracy": [
            97.53
        ]
    }
}