{
    "train": {
        "loss": [
            0.21776004973302285
        ],
        "accuracy": [
            93.39666666666666
        ]
    },
    "val": {
        "loss": [
            0.06975306939042081
        ],
        "accuracy": [
            97.82
        ]
    }
}