epoch,train_loss,train_accuracy,val_loss,val_accuracy
1,0.2060061918210238,93.73333333333333,0.06318991143087568,98.04
